scenario_id,speech_act,learner_level,mission_status,schema_version,direction,mode,p,d,r
00ada003-184c-4dad-9556-7cdf7ee0bc6c,request,intermediate,generated,mission_v6,zh_ko,translation,equal,acquaintance,mid
013cc144-9793-4e9b-a292-6ba58abe99dc,complaint,intermediate,generated,mission_v5,ko_zh,translation,equal,acquaintance,mid
020ec187-6797-4e08-888d-079fda5c10a6,opposition,advanced,generated,mission_v5,ko_zh,translation,speaker_lower,acquaintance,mid
02710949-d43d-43e5-9356-b6dc8658e24c,request,advanced,generated,mission_v6,ko_zh,interpreting,equal,acquaintance,high
0350a784-ee56-4927-b9ac-20f00843ee52,compliment,intermediate,generated,mission_v5,ko_zh,interpreting,speaker_higher,acquaintance,low
04250280-0276-41e8-9714-af160b1bc4c8,refusal,advanced,generated,mission_v5,ko_zh,translation,speaker_lower,acquaintance,mid
043c3b60-e962-4a59-a76b-df73ecad2719,agreement,advanced,reviewed,mission_v5,ko_zh,translation,equal,acquaintance,mid
044ef32b-78cf-43df-93a2-06962493b7a5,request,advanced,generated,mission_v5,ko_zh,translation,speaker_higher,acquaintance,mid
0500a27e-5aea-44fc-822b-90b1967ba8f5,request,advanced,generated,mission_v5,ko_zh,translation,equal,acquaintance,mid
051532cc-c3a2-4440-9a5e-efc54e9ac481,request,intermediate,reviewed,mission_v6,ko_zh,translation,equal,acquaintance,mid
05bddace-e4ae-4e7a-9e80-5bf9d1fe0c0b,apology,advanced,generated,mission_v5,ko_zh,translation,speaker_higher,acquaintance,mid
0749492a-8c9d-43fb-9e6c-97e4111258ca,compliment,intermediate,generated,mission_v6,ko_zh,interpreting,equal,acquaintance,high
074d6f5a-d212-48e2-8c68-5c3bf9f741ad,proposal,advanced,generated,mission_v5,ko_zh,translation,equal,acquaintance,mid
07d90a97-c502-4a07-90a4-9a86ec9cd74a,compliment,advanced,generated,mission_v5,ko_zh,translation,speaker_higher,acquaintance,mid
09133919-b404-49bc-8a53-011ddc369b59,apology,intermediate,generated,mission_v5,zh_ko,translation,speaker_higher,acquaintance,mid
093a99c7-7ed7-461d-bfb0-18a4d9c54a4c,agreement,advanced,generated,mission_v5,ko_zh,translation,equal,acquaintance,mid
09bc6c81-0a33-4c3f-aca7-c668623ef6c5,refusal,intermediate,generated,mission_v5,ko_zh,interpreting,speaker_lower,acquaintance,mid
09dc3e46-d785-49fe-84ad-022577f2545e,agreement,intermediate,generated,mission_v5,zh_ko,translation,equal,acquaintance,mid
0a3a1d5a-6e90-4f33-84c9-f49ac43f47cc,agreement,advanced,generated,mission_v5,zh_ko,interpreting,speaker_lower,close,low
0bced45a-206c-4123-bfab-e1333dacb597,compliment,advanced,generated,mission_v6,ko_zh,interpreting,speaker_lower,distant,low
0ccb8b30-7d16-4554-af5a-8894050b59b2,request,advanced,generated,mission_v5,ko_zh,interpreting,equal,acquaintance,high
0ce6cad3-ceef-4208-98c4-ef695dc768a5,refusal,advanced,reviewed,mission_v6,ko_zh,translation,speaker_lower,acquaintance,mid
0dc6829b-c881-4b0e-b752-b912fd7160d0,compliment,intermediate,reviewed,mission_v5,zh_ko,interpreting,speaker_higher,close,mid
0ea98b38-93fb-42b9-ba4b-3bfff7481ab4,apology,intermediate,generated,mission_v5,ko_zh,interpreting,speaker_higher,acquaintance,mid
0ed5109e-67ec-45b3-ad23-1b4dd056e415,opposition,advanced,generated,mission_v6,ko_zh,translation,speaker_higher,distant,low
0f6cce42-a446-481b-a599-187678d297c3,request,advanced,generated,mission_v6,ko_zh,translation,equal,acquaintance,mid
0fd648f1-9e30-4b9c-b284-513a5a8a3493,refusal,advanced,generated,mission_v5,zh_ko,interpreting,speaker_higher,distant,high
0fe2fd83-ab6c-4e08-a729-2590c8fca550,agreement,advanced,generated,mission_v5,ko_zh,translation,equal,acquaintance,mid
10703387-2f89-4f30-bc01-9afcda430003,compliment,advanced,generated,mission_v6,ko_zh,interpreting,speaker_lower,distant,low
10d9304f-98ab-4782-92d9-b92515b202cb,compliment,intermediate,generated,mission_v5,zh_ko,translation,speaker_higher,acquaintance,mid
11718932-a360-4fda-b00b-68ebba66c166,complaint,intermediate,generated,mission_v5,ko_zh,interpreting,equal,acquaintance,high
11fae23b-d95f-425d-b814-22610ed375fb,compliment,intermediate,generated,mission_v6,ko_zh,translation,speaker_higher,acquaintance,mid
1216e715-1ac6-448e-9575-2338756a48bd,request,advanced,generated,mission_v6,ko_zh,translation,equal,acquaintance,mid
1271c039-198d-455a-b149-7a7828375530,proposal,advanced,reviewed,mission_v6,ko_zh,interpreting,equal,acquaintance,mid
12db3392-cce6-4ab6-b384-aef94bdcb9a0,complaint,advanced,generated,mission_v5,ko_zh,translation,speaker_higher,acquaintance,mid
132b28b8-0d70-4e59-805e-09f28b0f277e,complaint,intermediate,reviewed,mission_v6,ko_zh,translation,speaker_higher,distant,mid
13c9de4c-bd26-4313-bf80-d14797975165,request,intermediate,generated,mission_v5,zh_ko,translation,speaker_lower,distant,mid
143b5021-e5af-4322-84db-1aa75e1e8962,agreement,intermediate,reviewed,mission_v6,ko_zh,interpreting,speaker_lower,distant,mid
14dcf93e-6504-44c1-b8f6-90ef64e19bd2,request,intermediate,reviewed,mission_v5,ko_zh,translation,speaker_lower,acquaintance,mid
151c71cd-04bd-43fa-9350-47de7c6c1510,opposition,intermediate,generated,mission_v5,ko_zh,interpreting,speaker_lower,acquaintance,mid
154b835d-af6c-48a9-aa03-c775c073973a,request,intermediate,generated,mission_v5,ko_zh,translation,equal,acquaintance,mid
1587d856-25cb-4722-96b8-01ccb1044c22,request,beginner_intermediate,generated,mission_v5,ko_zh,translation,equal,acquaintance,mid
164fe06b-55d0-4fd0-b52b-568bf4edc102,complaint,intermediate,reviewed,mission_v6,ko_zh,translation,speaker_higher,distant,mid
16745551-8c37-467e-8ed4-0f566d198326,request,advanced,reviewed,mission_v6,ko_zh,translation,equal,acquaintance,mid
16cada4f-e1b3-4f1f-95de-e059ac4c540e,complaint,advanced,reviewed,mission_v5,ko_zh,interpreting,speaker_lower,distant,high
170d808f-8504-4130-86e6-551f5efe5fd7,refusal,advanced,generated,mission_v5,ko_zh,translation,speaker_lower,acquaintance,mid
170e4b66-a802-4d8c-8696-2fd25e0b4a2b,apology,intermediate,generated,mission_v5,ko_zh,interpreting,equal,acquaintance,low
17806bc6-e242-4446-aebd-4bca5f9a77e0,opposition,intermediate,generated,mission_v5,zh_ko,translation,speaker_lower,acquaintance,mid
1868271d-6422-429e-a86d-1017e676597b,proposal,advanced,reviewed,mission_v5,ko_zh,translation,speaker_lower,acquaintance,mid
1a27d940-1843-48f8-8916-31c811efcf79,request,intermediate,generated,mission_v6,zh_ko,interpreting,equal,acquaintance,high
1a2f0767-9ca4-48fa-bc86-0af3528aa387,compliment,intermediate,generated,mission_v6,ko_zh,interpreting,equal,acquaintance,high
1a8ecc0a-58b7-4337-b410-e64c34b4251f,apology,intermediate,generated,mission_v5,zh_ko,translation,speaker_higher,acquaintance,mid
1adb7fe6-aebe-49d7-b4a1-c91bdcca913f,thanks,intermediate,generated,mission_v5,ko_zh,translation,speaker_lower,acquaintance,mid
1af65f36-96ac-4c5a-b775-daa7c23681fa,request,intermediate,reviewed,mission_v6,zh_ko,interpreting,equal,acquaintance,mid
1af7db3d-89ea-4ef8-8d09-b34d0424f2b4,agreement,intermediate,generated,mission_v6,ko_zh,translation,equal,acquaintance,mid
1b44d36e-c1bc-4bc3-98f3-cbc74a7ac3ea,request,intermediate,reviewed,mission_v6,ko_zh,translation,equal,acquaintance,mid
1baacb9c-735d-4c29-a26e-b57ab6cf19d5,proposal,intermediate,generated,mission_v5,ko_zh,translation,equal,close,mid
1c16eb56-b49b-4257-b0f4-87dd369fd00e,compliment,advanced,generated,mission_v6,ko_zh,interpreting,speaker_lower,distant,low
1cee006a-7f61-4a8c-bf9a-bdb2a144bdfc,request,advanced,generated,mission_v5,ko_zh,interpreting,equal,acquaintance,high
1d61b487-9834-47af-9ff1-726385c21183,apology,intermediate,generated,mission_v6,zh_ko,interpreting,speaker_higher,acquaintance,mid
1dd13653-5c5e-4f5d-905b-3289588afabc,thanks,intermediate,generated,mission_v5,zh_ko,translation,speaker_lower,acquaintance,mid
1df5d19b-00e5-487b-9869-04db29238af8,opposition,advanced,reviewed,mission_v6,ko_zh,interpreting,speaker_lower,acquaintance,mid
1df982ec-db7b-4d5b-b79e-769c989025b5,opposition,advanced,generated,mission_v5,ko_zh,translation,speaker_lower,acquaintance,mid
1e4625d0-611b-4152-91a6-4540ca0dfdd5,request,advanced,generated,mission_v5,ko_zh,interpreting,equal,acquaintance,high
1f6d8863-c334-4d2b-a97f-3eb622e48c0c,proposal,intermediate,generated,mission_v5,ko_zh,translation,equal,close,mid
1fea5ef8-ce47-440e-b621-a20d71f9cdf5,opposition,intermediate,reviewed,mission_v5,ko_zh,interpreting,speaker_lower,acquaintance,mid
200b5c25-ba28-4855-84d2-c619fcb0bb11,request,advanced,generated,mission_v6,ko_zh,translation,equal,acquaintance,mid
2015e0ba-7c68-47e0-91a5-9c5e895d6303,refusal,intermediate,generated,mission_v6,ko_zh,translation,equal,acquaintance,low
2032d1cc-25e3-4bf9-9eff-6f8a1fd7153e,agreement,intermediate,generated,mission_v5,ko_zh,interpreting,speaker_lower,acquaintance,mid
21df2e61-caa7-4e9f-afb0-cb29c80f499e,thanks,advanced,generated,mission_v5,ko_zh,translation,speaker_lower,distant,mid
21e75435-f5d5-4ea8-809f-eb2c66dca904,agreement,intermediate,generated,mission_v6,zh_ko,translation,equal,acquaintance,mid
223dd922-5e00-4716-83be-b783b3a448cf,proposal,intermediate,reviewed,mission_v5,ko_zh,translation,speaker_lower,acquaintance,mid
2287cd04-63fb-4a20-93d1-809817813397,complaint,intermediate,reviewed,mission_v5,ko_zh,interpreting,speaker_higher,acquaintance,mid
22b483d7-47f6-495a-8738-da39e170196a,compliment,intermediate,generated,mission_v6,zh_ko,translation,speaker_higher,acquaintance,mid
23c0624b-d838-4ca8-b3e8-59338ed35153,refusal,advanced,reviewed,mission_v6,ko_zh,interpreting,equal,acquaintance,mid
23c10632-9660-468b-af86-637c1b07181f,proposal,intermediate,generated,mission_v5,ko_zh,translation,equal,acquaintance,low
241e8578-28d6-41db-bb1e-784160e54971,agreement,intermediate,reviewed,mission_v6,zh_ko,interpreting,equal,acquaintance,low
2439d061-8785-4c39-ba10-86574f18f873,agreement,intermediate,reviewed,mission_v5,zh_ko,interpreting,equal,acquaintance,low
24fb6841-6868-4e14-8e54-4e946466dc8e,request,intermediate,reviewed,mission_v6,ko_zh,translation,equal,acquaintance,mid
25926997-27ab-43ec-bbb2-ca50c6676310,request,intermediate,reviewed,mission_v6,ko_zh,translation,speaker_lower,acquaintance,mid
25ff8d9e-7d96-4664-a051-bf1db5b4505d,apology,intermediate,generated,mission_v5,ko_zh,interpreting,speaker_higher,acquaintance,mid
26108c22-8007-4803-bb1e-46cb569ee72f,opposition,intermediate,reviewed,mission_v6,ko_zh,interpreting,speaker_lower,acquaintance,mid
26412ba9-8942-4cba-a7c8-12e744f3891a,request,intermediate,generated,mission_v5,ko_zh,interpreting,equal,acquaintance,mid
264fb971-1f1f-43fb-b049-2b0d38491793,request,intermediate,generated,mission_v5,ko_zh,translation,speaker_higher,distant,low
2652f9f1-66db-43b8-b6df-e435fb9275ce,compliment,intermediate,generated,mission_v6,ko_zh,interpreting,equal,acquaintance,high
26c131f2-d1e1-4ebb-ab00-d1570777344c,thanks,intermediate,generated,mission_v5,zh_ko,translation,speaker_lower,acquaintance,mid
2721d986-e270-4175-9cb3-5773e455d810,agreement,intermediate,generated,mission_v5,zh_ko,translation,equal,acquaintance,mid
27575f80-d115-4d0b-9807-6dafcd6430a5,thanks,intermediate,reviewed,mission_v5,ko_zh,interpreting,speaker_higher,close,low
276373cf-f95c-45f9-9fa4-65450413cc1c,agreement,intermediate,generated,mission_v6,ko_zh,interpreting,speaker_lower,distant,mid
28240092-94e6-4676-a92e-fbe3b20a6138,apology,intermediate,reviewed,mission_v5,ko_zh,translation,speaker_lower,distant,low
28315cf6-8a0f-4d3d-8860-a01e89186bbd,complaint,intermediate,reviewed,mission_v6,zh_ko,translation,speaker_lower,acquaintance,low
286765b3-8978-4cd7-b257-a860a47f6e74,thanks,intermediate,generated,mission_v5,ko_zh,translation,speaker_lower,acquaintance,mid
28930a35-0104-43c8-9d8d-2c3088592f1e,complaint,advanced,generated,mission_v5,ko_zh,interpreting,equal,close,high
28d87b8e-ac97-4749-a4a5-3581f8c833df,request,intermediate,reviewed,mission_v5,ko_zh,interpreting,equal,acquaintance,high
2940c078-a202-498b-bb74-e2a7ccb88d1e,request,intermediate,generated,mission_v5,zh_ko,translation,equal,acquaintance,high
2b28e4e1-92fa-4ceb-9621-21800c7d4502,compliment,advanced,reviewed,mission_v6,ko_zh,translation,speaker_higher,acquaintance,mid
2b8369b7-4bc9-492b-9b15-55a90065b3bb,refusal,intermediate,generated,mission_v5,ko_zh,translation,speaker_lower,acquaintance,mid
2c7959ad-aac4-4d7a-a17a-e679d7a0b1d1,opposition,intermediate,reviewed,mission_v6,zh_ko,interpreting,speaker_lower,acquaintance,high
2cdb78dd-4925-4d27-835b-2944199c6a85,thanks,intermediate,generated,mission_v5,ko_zh,translation,speaker_lower,acquaintance,mid
2ddbfaac-e810-415c-831b-fcd690a93726,complaint,advanced,generated,mission_v5,ko_zh,translation,speaker_higher,acquaintance,mid
2df8e25d-a9af-402b-89c4-9b21d59fac3f,agreement,advanced,generated,mission_v6,ko_zh,interpreting,speaker_higher,close,high
2e2abd09-f6ab-4ae2-a16c-821035236d74,agreement,intermediate,generated,mission_v5,zh_ko,translation,equal,acquaintance,mid
2e49a9ba-6179-4810-87b5-42bdaa5d308d,request,intermediate,reviewed,mission_v6,ko_zh,interpreting,equal,acquaintance,mid
2e640cb1-2f3e-456a-84c2-066e6d5d176c,request,advanced,generated,mission_v5,ko_zh,translation,speaker_lower,acquaintance,mid
2e98f47a-b6bf-4c2f-8a33-494f99f1b08c,agreement,intermediate,reviewed,mission_v6,ko_zh,interpreting,speaker_lower,distant,mid
2ec59c96-efa5-48a3-a314-9cee9a2257b6,request,intermediate,generated,mission_v6,ko_zh,translation,speaker_lower,distant,low
2f060438-9c71-4b3e-906b-e2622eb348c5,thanks,intermediate,generated,mission_v5,zh_ko,translation,speaker_lower,acquaintance,mid
2f6cf984-4181-48e8-8fb8-fc98f887a043,request,intermediate,generated,mission_v6,ko_zh,translation,speaker_lower,acquaintance,mid
2f898edd-aabf-4d63-849a-99a1f9cb3925,thanks,intermediate,reviewed,mission_v5,ko_zh,translation,speaker_lower,acquaintance,mid
3019167a-8f67-4850-8ae1-fae46c830379,opposition,intermediate,generated,mission_v5,ko_zh,interpreting,speaker_lower,acquaintance,mid
301d37e5-7667-42e2-982a-bc61bf932a67,apology,intermediate,generated,mission_v5,ko_zh,translation,equal,acquaintance,low
3169db89-1e18-46fb-939f-542185222604,request,intermediate,generated,mission_v5,zh_ko,translation,equal,acquaintance,high
3242f152-f2d6-4672-9391-4f52c1937505,compliment,intermediate,reviewed,mission_v6,ko_zh,interpreting,equal,acquaintance,high
32c5fce7-d863-4ac7-92d5-d41437bcf1b2,apology,advanced,reviewed,mission_v6,ko_zh,translation,equal,close,high
32f6ce94-4e6f-4a2f-a651-a4ba13316b27,request,intermediate,generated,mission_v5,ko_zh,translation,equal,acquaintance,mid
3345e555-4e3b-497a-a36f-ee41005f71ce,complaint,intermediate,reviewed,mission_v5,zh_ko,translation,speaker_lower,acquaintance,low
34e8b1fd-8ad3-4095-aed4-467b7b2b8510,refusal,intermediate,generated,mission_v5,ko_zh,interpreting,speaker_lower,acquaintance,mid
34f8c821-d29c-4527-b9c6-c33f816bcbee,refusal,advanced,generated,mission_v6,ko_zh,translation,speaker_lower,acquaintance,mid
3515c807-08e4-4785-9dee-7f06d43d9076,compliment,intermediate,generated,mission_v6,zh_ko,translation,speaker_higher,acquaintance,mid
3562e509-1e57-4ff7-9e6a-3c835f99b929,request,intermediate,generated,mission_v5,ko_zh,translation,equal,acquaintance,mid
3575338b-7cd0-4e8a-b0a9-774b1effe620,compliment,intermediate,generated,mission_v5,zh_ko,translation,speaker_higher,acquaintance,mid
35a5e1a4-150a-413b-93c7-0258464e0efd,apology,intermediate,reviewed,mission_v5,ko_zh,translation,equal,acquaintance,mid
35b54eb2-477a-4b36-bd07-b2e1c9e1ed87,compliment,intermediate,generated,mission_v6,ko_zh,interpreting,equal,acquaintance,high
369bad46-6972-49c5-8841-c1c1baadaa28,request,intermediate,generated,mission_v6,ko_zh,translation,equal,acquaintance,mid
36f2e061-0c2b-4c2b-bd86-163b6a836bc5,apology,intermediate,generated,mission_v5,ko_zh,translation,speaker_lower,distant,low
37a90ef6-ee78-4363-82ad-d35da9ca7b8f,complaint,intermediate,reviewed,mission_v5,zh_ko,interpreting,speaker_higher,acquaintance,mid
37b5d5bc-4bf7-4167-8498-327952cecd37,thanks,intermediate,generated,mission_v5,ko_zh,translation,speaker_lower,acquaintance,mid
37b6b21d-5de2-4928-af9b-6f31df789786,request,intermediate,generated,mission_v5,zh_ko,translation,equal,acquaintance,mid
3837df7c-624e-40ea-bd9a-44e4bd45db3b,apology,advanced,generated,mission_v6,ko_zh,translation,equal,close,high
38a6e12f-d448-450d-bb5d-bce53ef0fe05,compliment,beginner_intermediate,generated,mission_v2,ko_zh,translation,speaker_higher,acquaintance,low
3926454b-9958-47ff-a822-b5e293890a6c,opposition,advanced,reviewed,mission_v5,ko_zh,interpreting,speaker_lower,acquaintance,mid
39da9e43-7261-497e-85d5-edb2238d6cdb,agreement,intermediate,generated,mission_v5,ko_zh,translation,equal,distant,high
3a34371f-cf7a-4d2f-865f-4a2a0b27b388,compliment,intermediate,generated,mission_v5,zh_ko,translation,speaker_higher,acquaintance,mid
3a5fc056-6051-4372-a72c-9dee04e8de6e,refusal,intermediate,reviewed,mission_v5,ko_zh,translation,speaker_lower,acquaintance,mid
3ac7ab26-edfb-4b3e-b124-e7a7e47e28cb,compliment,intermediate,generated,mission_v5,ko_zh,translation,speaker_higher,acquaintance,mid
3ad21afe-0675-40b8-85d8-fce0982e293e,agreement,intermediate,reviewed,mission_v5,zh_ko,translation,equal,acquaintance,mid
3b215850-ab3d-494e-a12c-0bc98131a04d,refusal,advanced,generated,mission_v5,ko_zh,interpreting,speaker_lower,close,low
3be2a5cf-b288-4dab-acfd-0d6c7da974df,apology,advanced,generated,mission_v5,ko_zh,translation,speaker_lower,distant,high
3be41bd0-c541-4ea7-bd71-9e5015cb33dc,thanks,intermediate,reviewed,mission_v6,ko_zh,interpreting,speaker_higher,close,low
3bfec949-4ed9-47c5-9101-fc579eb17338,apology,intermediate,reviewed,mission_v5,zh_ko,interpreting,speaker_higher,close,mid
3c00dc02-5017-4685-87e9-261f8f99343d,complaint,intermediate,generated,mission_v5,ko_zh,interpreting,speaker_higher,acquaintance,mid
3c646f08-2af5-441b-9077-b94fb3a091c5,request,intermediate,generated,mission_v6,ko_zh,translation,equal,acquaintance,mid
3cde65a4-173c-4bc2-b5af-85d806c1bacb,request,intermediate,reviewed,mission_v6,ko_zh,translation,equal,acquaintance,mid
3da0c62d-e91f-4f68-9b74-28cd9d42f044,request,intermediate,reviewed,mission_v6,ko_zh,translation,equal,acquaintance,mid
3dd7df19-0f23-4c53-8edb-676c0de682e4,compliment,intermediate,reviewed,mission_v5,ko_zh,translation,speaker_lower,distant,low
3e37708e-b689-4d1b-a1d4-1a9e5308ec61,opposition,intermediate,generated,mission_v5,ko_zh,interpreting,speaker_lower,acquaintance,mid
3f1d67ff-5816-4114-96c2-196610697cf2,agreement,intermediate,generated,mission_v5,zh_ko,translation,equal,acquaintance,mid
3f627f5f-ca2b-4d8e-997c-43c6148a7fb2,compliment,intermediate,generated,mission_v5,ko_zh,translation,speaker_higher,acquaintance,mid
3f7ec8ef-b8d9-4d9d-9ad5-74004cc67c7f,proposal,advanced,generated,mission_v5,ko_zh,translation,equal,acquaintance,mid
40241405-a67c-4467-baf8-84848230f832,request,advanced,generated,mission_v6,ko_zh,translation,equal,acquaintance,mid
403b32c9-f0dd-438d-aaaf-ad4a02b4444c,apology,intermediate,generated,mission_v6,ko_zh,interpreting,speaker_higher,acquaintance,mid
408f5402-d27c-4629-aace-3c6a8529b0aa,request,advanced,generated,mission_v6,ko_zh,translation,equal,acquaintance,mid
40c7aa46-0cc3-45ec-b7ed-0ad04fc0f98b,refusal,intermediate,reviewed,mission_v6,zh_ko,translation,speaker_lower,acquaintance,mid
40efc6d0-afee-436a-8354-b3a8c2e99f53,agreement,advanced,generated,mission_v5,zh_ko,interpreting,speaker_lower,distant,low
41fd778b-3399-4572-bc0f-1becb58537ca,request,intermediate,generated,mission_v6,ko_zh,interpreting,equal,acquaintance,high
42d3ced4-e3a3-41eb-aa19-be5bb339f394,request,intermediate,generated,mission_v6,zh_ko,translation,equal,acquaintance,mid
432ec4e7-93de-46dc-88ee-71a3a54e2932,apology,intermediate,reviewed,mission_v5,ko_zh,interpreting,speaker_higher,acquaintance,mid
4335ff66-eb1f-483b-9cd3-1356044e1f09,refusal,intermediate,reviewed,mission_v6,ko_zh,interpreting,speaker_higher,close,low
43b8f599-7e11-4113-adf0-645fd1b86cf4,agreement,intermediate,generated,mission_v5,ko_zh,translation,equal,acquaintance,mid
4571d0e0-d7c0-4a46-9d56-10deb7676c29,agreement,advanced,reviewed,mission_v6,ko_zh,interpreting,speaker_higher,close,high
45ec2f58-88c7-4910-ab90-467643d2000f,apology,intermediate,generated,mission_v5,ko_zh,interpreting,speaker_higher,acquaintance,mid
46dcf634-e48d-4669-88ad-9ee6d5eccc1c,apology,intermediate,reviewed,mission_v6,zh_ko,interpreting,speaker_higher,close,mid
47945549-421f-4ad5-89b6-3864954ae290,thanks,intermediate,generated,mission_v5,ko_zh,translation,equal,acquaintance,mid
4919df6e-f5a3-4ae4-9b94-7f7fa2dbfa61,agreement,intermediate,reviewed,mission_v6,ko_zh,translation,equal,acquaintance,mid
492fd2ab-47c0-48ff-8c4d-34248f561615,request,intermediate,generated,mission_v5,ko_zh,interpreting,equal,acquaintance,high
4a2bc65a-566e-47c6-bb36-8fc62061fc6e,apology,intermediate,generated,mission_v5,ko_zh,interpreting,speaker_higher,acquaintance,mid
4a78f6c6-5a0b-43ae-bb6a-defc78241544,complaint,intermediate,generated,mission_v5,zh_ko,translation,equal,acquaintance,mid
4a7a71cd-7f86-458d-b5e1-933cd3ecaac4,agreement,advanced,reviewed,mission_v6,ko_zh,interpreting,speaker_higher,close,high
4a7d4bb2-622b-4a90-8445-d3357f77bc8e,request,intermediate,generated,mission_v5,zh_ko,translation,equal,acquaintance,mid
4c297330-b374-4539-8329-366e1a4ac65a,thanks,advanced,generated,mission_v6,ko_zh,translation,speaker_lower,acquaintance,mid
4c750a60-ad1c-4106-9feb-ce2b2c0a99a6,complaint,advanced,reviewed,mission_v5,ko_zh,translation,equal,close,high
4cf5e2de-1104-46aa-bc8c-3f8c43ea02c1,request,advanced,generated,mission_v5,ko_zh,translation,equal,acquaintance,mid
4d3dc544-a5f3-4c0e-8b80-a7c395cefc82,request,intermediate,generated,mission_v5,ko_zh,interpreting,equal,acquaintance,high
4eac0623-82b9-4c92-818d-23c2ba8876fc,request,intermediate,generated,mission_v5,ko_zh,translation,equal,acquaintance,low
4f592888-506b-4b23-879e-1b2e70a300b2,compliment,advanced,generated,mission_v6,ko_zh,translation,speaker_higher,acquaintance,mid
509589aa-0e64-4dd1-be6d-538c714bb008,refusal,intermediate,reviewed,mission_v5,zh_ko,interpreting,equal,acquaintance,high
50c6a7c5-ffd8-4b65-ba34-7993624d5c39,request,intermediate,generated,mission_v6,ko_zh,interpreting,equal,acquaintance,mid
51681d1e-fa93-450b-a2d9-1d8a4546af4b,complaint,intermediate,generated,mission_v5,ko_zh,interpreting,speaker_higher,acquaintance,mid
51cdb244-0f55-45a0-9c4b-d8bec50b03cb,request,intermediate,generated,mission_v6,ko_zh,translation,equal,acquaintance,mid
52619974-10f2-4206-bc07-4bfdab894ddc,request,advanced,reviewed,mission_v6,ko_zh,interpreting,equal,acquaintance,mid
527d90dc-3651-46b5-a4c3-b22b50a80921,request,intermediate,generated,mission_v5,ko_zh,interpreting,equal,distant,low
544bab4a-b241-4ca5-b3a7-bd165df405d8,complaint,intermediate,generated,mission_v5,ko_zh,interpreting,equal,acquaintance,mid
563c0810-d325-42f7-a930-40ae6452cbe6,request,advanced,generated,mission_v5,ko_zh,translation,equal,acquaintance,mid
56547597-4fd3-42f2-8cda-39c940233d65,request,intermediate,reviewed,mission_v5,ko_zh,translation,speaker_lower,distant,low
56638a92-7f22-46dd-a05a-2557612ebb7e,complaint,advanced,generated,mission_v5,ko_zh,interpreting,speaker_higher,acquaintance,mid
56c60259-590d-454d-801b-e282ed5de327,request,intermediate,generated,mission_v5,ko_zh,translation,speaker_higher,close,low
577881ab-a91f-45a8-8603-c558cb71d434,complaint,advanced,generated,mission_v5,ko_zh,translation,speaker_higher,acquaintance,mid
57aacdc2-01d4-4ffb-858a-64f13154062f,proposal,intermediate,reviewed,mission_v6,ko_zh,interpreting,equal,acquaintance,mid
593ce829-f702-4b00-8f35-3afb61c88be7,thanks,advanced,generated,mission_v5,ko_zh,translation,speaker_lower,acquaintance,mid
59d7d34b-dbe8-4223-898d-8fc35f9f6ba2,compliment,advanced,generated,mission_v6,ko_zh,translation,speaker_higher,acquaintance,mid
5aebfcbe-0bad-4016-b910-6f6c496bf5f3,apology,intermediate,generated,mission_v5,ko_zh,translation,equal,close,high
5aee65c4-a85e-4fd3-b39d-ccf9af9e917e,request,intermediate,generated,mission_v6,zh_ko,interpreting,equal,acquaintance,mid
5b38167c-8f89-4a11-b020-bd00a5c981d6,complaint,intermediate,generated,mission_v5,ko_zh,interpreting,speaker_higher,acquaintance,mid
5b6c16d7-9a87-4fd9-8179-9307f6cdce50,request,beginner_intermediate,reviewed,mission_v5,ko_zh,translation,equal,acquaintance,high
5baf247c-bd60-4134-b97a-396c1015a5f2,compliment,intermediate,generated,mission_v6,zh_ko,interpreting,speaker_higher,close,mid
5bc749ff-176d-4504-a823-cd3e80919eee,apology,advanced,generated,mission_v6,ko_zh,interpreting,speaker_lower,distant,low
5c5916f4-2f87-4662-a906-f4d2a5e038be,refusal,advanced,generated,mission_v5,ko_zh,interpreting,equal,acquaintance,mid
5c94a42e-85dd-4073-b9fa-37f3f6954bdd,proposal,intermediate,generated,mission_v6,ko_zh,translation,equal,distant,low
5cb00427-6f72-485a-a2ed-8add8acfb119,opposition,intermediate,reviewed,mission_v6,zh_ko,translation,speaker_lower,acquaintance,mid
5cb7f032-95bd-4bfb-952f-ed5689d5c426,complaint,intermediate,generated,mission_v6,zh_ko,interpreting,speaker_higher,acquaintance,mid
5dcf6fee-a02e-4dd4-8d15-e262650a7ff3,apology,intermediate,reviewed,mission_v6,ko_zh,interpreting,speaker_higher,acquaintance,mid
5ef85986-a075-4708-99d4-294d86c12884,compliment,advanced,generated,mission_v6,ko_zh,translation,speaker_higher,acquaintance,mid
5f061550-3c3b-476c-a55f-209c07747ad5,compliment,intermediate,reviewed,mission_v6,zh_ko,interpreting,speaker_higher,close,mid
6055ade0-8d4d-4ba7-8d51-5d738ed472b3,request,intermediate,generated,mission_v5,zh_ko,translation,equal,acquaintance,mid
606e9aae-8760-4ce7-8220-a5a788734bc4,refusal,intermediate,reviewed,mission_v6,zh_ko,interpreting,equal,acquaintance,high
60826618-cc68-474c-908c-9c82feb16deb,compliment,intermediate,generated,mission_v6,ko_zh,interpreting,equal,acquaintance,high
60cc8f01-8ed9-49f7-b3f1-6c8d2cfc897d,complaint,advanced,reviewed,mission_v6,ko_zh,interpreting,speaker_lower,distant,high
60ce783f-daf6-45f6-9928-f9f89476a35d,agreement,intermediate,reviewed,mission_v6,zh_ko,interpreting,equal,acquaintance,low
61821fa4-0b2e-4f72-b7d1-2aaf99f26475,agreement,intermediate,reviewed,mission_v6,zh_ko,translation,equal,acquaintance,mid
6189d96a-052f-40bd-8651-e1150c773c41,compliment,intermediate,generated,mission_v5,zh_ko,translation,speaker_higher,acquaintance,mid
622fad8c-f902-41d8-b0ce-298e383dde6f,agreement,intermediate,reviewed,mission_v5,ko_zh,translation,equal,acquaintance,mid
62836a32-0ddc-41c9-b515-0e871cd0d5ac,proposal,intermediate,generated,mission_v5,ko_zh,interpreting,equal,acquaintance,mid
63071ac4-efcd-4b50-a8b6-323046496532,request,intermediate,generated,mission_v5,ko_zh,interpreting,equal,distant,low
630e6459-cec4-4b56-8dca-d87085beebef,request,intermediate,reviewed,mission_v6,ko_zh,translation,equal,acquaintance,mid
6321a68c-4cde-4e95-967e-c0f4b383239a,request,advanced,generated,mission_v5,ko_zh,translation,speaker_lower,acquaintance,mid
63513818-c669-4ca8-bef9-5680cadb31f9,request,intermediate,generated,mission_v5,ko_zh,interpreting,equal,acquaintance,high
63ddb0d4-e0ab-496a-8942-d229455e2d43,request,intermediate,generated,mission_v6,zh_ko,translation,equal,acquaintance,mid
6455bb46-475b-4e8e-b899-8f7dc8b7256a,request,intermediate,reviewed,mission_v6,zh_ko,translation,equal,acquaintance,mid
64c4761b-5c10-4b5b-b3db-bcb430d74345,thanks,beginner_intermediate,generated,mission_v2,zh_ko,interpreting,equal,close,low
64cbbf69-d144-47ac-aa30-aa18a989f75a,compliment,intermediate,reviewed,mission_v5,ko_zh,translation,equal,distant,mid
64f9a220-fa9c-45cf-a745-4b3688182ef9,apology,intermediate,generated,mission_v5,zh_ko,translation,speaker_higher,acquaintance,mid
65690593-9e2d-43e7-816c-46b3d81bb2b5,proposal,intermediate,generated,mission_v5,ko_zh,interpreting,equal,acquaintance,mid
66d4ae27-5f6e-4733-a7ee-ee8f8b4d2aa3,refusal,advanced,reviewed,mission_v5,ko_zh,interpreting,equal,acquaintance,mid
677b6ed0-a11f-4c01-9d98-916e35028724,request,advanced,generated,mission_v6,ko_zh,interpreting,speaker_lower,distant,low
679f277d-90bd-476a-a00d-c717b917533e,opposition,intermediate,generated,mission_v5,zh_ko,translation,speaker_lower,acquaintance,mid
684dfc1e-7d12-4b1c-b92e-22b8e1ef7bc1,request,advanced,reviewed,mission_v5,ko_zh,interpreting,equal,acquaintance,mid
6867d6b6-ef09-4cca-a69b-bfa281303ec3,compliment,advanced,reviewed,mission_v6,ko_zh,interpreting,speaker_lower,distant,low
68706ae3-30a7-45b6-aeff-e535d50d7313,apology,advanced,reviewed,mission_v5,ko_zh,interpreting,speaker_lower,distant,low
68c258b8-a814-4735-a7ea-7a2a0d26657f,apology,advanced,generated,mission_v6,ko_zh,translation,equal,close,high
68e7e589-a382-41b7-9d9d-49be4e0f5f09,proposal,advanced,generated,mission_v5,ko_zh,translation,equal,acquaintance,mid
68ec12d5-f4dc-4cbb-9378-b4dc533c8bcb,compliment,intermediate,reviewed,mission_v5,ko_zh,translation,speaker_higher,acquaintance,mid
6a3493ac-8a09-4661-8d65-f9339b44c991,request,intermediate,generated,mission_v5,ko_zh,translation,equal,acquaintance,low
6b674da6-f545-43cb-8cda-ad5f27711450,request,advanced,reviewed,mission_v5,ko_zh,translation,equal,acquaintance,mid
6bfa4982-ce99-4ca5-b34e-36922979dc25,thanks,intermediate,reviewed,mission_v5,zh_ko,interpreting,equal,distant,high
6c8f8e02-ea16-43bf-9687-f2d670c70d29,opposition,advanced,generated,mission_v6,ko_zh,interpreting,speaker_lower,acquaintance,mid
6cca2bbf-6c51-468b-b2f1-402bee47a314,opposition,intermediate,reviewed,mission_v5,ko_zh,translation,speaker_lower,acquaintance,high
6d17d1e7-f5ce-4499-8146-1116ae636619,agreement,advanced,reviewed,mission_v6,ko_zh,translation,equal,acquaintance,mid
6d6934a0-68a6-493a-952f-13ba06b702f4,opposition,intermediate,generated,mission_v6,ko_zh,translation,speaker_lower,acquaintance,high
6db64c15-c008-4b3a-9333-dc1fbd1e01c4,proposal,intermediate,generated,mission_v5,zh_ko,translation,equal,acquaintance,mid
6e05b84b-81b6-4c89-993e-8263dd87966a,agreement,intermediate,reviewed,mission_v5,ko_zh,translation,speaker_lower,distant,low
6e5f92ab-c688-4cff-9898-83f3cbfb600b,apology,intermediate,generated,mission_v6,ko_zh,translation,equal,acquaintance,mid
6e785222-b55d-4ced-b346-e27da3d78d6a,request,intermediate,generated,mission_v5,ko_zh,translation,speaker_higher,close,mid
6efb1ded-d73d-4d76-b009-8f65148ed210,opposition,intermediate,generated,mission_v5,ko_zh,interpreting,speaker_lower,acquaintance,mid
6f71be31-04fc-42ac-9265-512cb6b09021,request,advanced,generated,mission_v6,ko_zh,translation,equal,acquaintance,mid
700f0bdd-54f7-4192-80e4-07dcd262e2de,refusal,intermediate,generated,mission_v5,ko_zh,interpreting,speaker_lower,acquaintance,mid
70aada0b-8bd4-45a4-b5af-98090775da5d,compliment,intermediate,reviewed,mission_v5,zh_ko,translation,speaker_higher,acquaintance,mid
70f330c8-17a7-4c69-85a3-71eee0dbf898,opposition,intermediate,generated,mission_v5,ko_zh,interpreting,speaker_lower,acquaintance,mid
7149545d-9c10-42f4-9fce-a694a2b077fe,apology,advanced,generated,mission_v5,ko_zh,translation,speaker_higher,acquaintance,mid
71552141-dd70-48b1-a0d9-3eb4aa1a01a3,proposal,intermediate,generated,mission_v5,ko_zh,interpreting,equal,acquaintance,mid
71b60ec4-c9f7-4806-86c1-aeeaea5a51d3,thanks,intermediate,generated,mission_v5,zh_ko,translation,speaker_lower,acquaintance,mid
71f905ba-674c-4355-bd50-c315de5d9c20,apology,advanced,generated,mission_v5,ko_zh,translation,speaker_higher,acquaintance,mid
724267d2-d7ec-416a-9a61-caba29b49dd7,proposal,intermediate,reviewed,mission_v5,zh_ko,interpreting,equal,acquaintance,low
73543601-0029-487d-8b27-8018794d4424,thanks,advanced,generated,mission_v5,ko_zh,translation,speaker_lower,acquaintance,mid
7376fdac-f1ce-4018-a1de-e0f94594269b,request,beginner_intermediate,generated,mission_v3,ko_zh,translation,equal,acquaintance,mid
73af971b-282c-4444-8c42-5832f33c8082,request,intermediate,generated,mission_v6,zh_ko,translation,equal,acquaintance,mid
7475c7b9-3bbe-4d44-a826-ba44b9f986c4,compliment,intermediate,generated,mission_v6,ko_zh,interpreting,equal,acquaintance,high
74e6b28a-5b1f-485f-a8ac-073066d127b2,apology,intermediate,generated,mission_v6,zh_ko,interpreting,speaker_higher,close,mid
75f1dd70-c9de-42b9-81a9-20ce1127ea56,complaint,beginner_intermediate,generated,mission_v5,ko_zh,translation,speaker_higher,acquaintance,mid
76028b74-9e04-476e-ae7e-396cdad7423e,opposition,intermediate,reviewed,mission_v5,zh_ko,translation,speaker_lower,acquaintance,mid
760971f4-2e2b-46b3-a8c1-bed233db7fb4,opposition,intermediate,generated,mission_v6,ko_zh,interpreting,speaker_lower,acquaintance,mid
7616770d-e49c-43ec-b374-40490885b7ca,thanks,beginner_intermediate,generated,mission_v5,ko_zh,translation,speaker_higher,distant,mid
76273943-a79a-4fce-86a9-fab44ac7cd34,request,intermediate,generated,mission_v5,ko_zh,interpreting,equal,acquaintance,high
7668a2a9-3877-4b32-a1d5-0f97b01d9fc7,request,intermediate,reviewed,mission_v5,zh_ko,translation,equal,acquaintance,mid
76753e7c-6f0c-4c22-949c-2dedde8aa690,proposal,intermediate,generated,mission_v5,ko_zh,interpreting,equal,acquaintance,mid
77e03812-4935-44e3-81de-b1dd7c759526,proposal,intermediate,generated,mission_v5,ko_zh,interpreting,equal,acquaintance,mid
782edf4d-1e40-4c1d-84bc-090ad0815b4c,complaint,intermediate,reviewed,mission_v5,ko_zh,translation,speaker_lower,distant,low
7842a7b4-f01c-4383-951a-cb542df697bf,apology,intermediate,generated,mission_v5,ko_zh,interpreting,speaker_higher,acquaintance,mid
785f9e29-6cd2-4fbc-8e2d-3a65db81c062,request,advanced,reviewed,mission_v6,ko_zh,translation,equal,acquaintance,mid
792b9bc4-5057-4867-bfc6-8ebfca7c6380,apology,intermediate,generated,mission_v5,ko_zh,interpreting,speaker_higher,acquaintance,mid
793a1576-55c4-4790-9791-621685a9b3bb,agreement,intermediate,generated,mission_v5,ko_zh,interpreting,speaker_lower,acquaintance,mid
7a17e776-7f66-414e-8e65-925b431d1b9b,complaint,intermediate,reviewed,mission_v6,ko_zh,interpreting,speaker_higher,acquaintance,mid
7b501deb-59f3-4e5c-9151-9877a9884d2d,complaint,advanced,generated,mission_v5,ko_zh,interpreting,speaker_higher,acquaintance,mid
7b73c57c-a111-4e41-a229-52ef375d1a48,agreement,advanced,reviewed,mission_v6,ko_zh,translation,equal,acquaintance,mid
7c62e17c-2853-4595-8dbb-17e7badf6381,request,intermediate,generated,mission_v6,ko_zh,translation,equal,acquaintance,mid
7e2e8765-bffb-4ccf-a240-54a67378642f,request,intermediate,reviewed,mission_v5,zh_ko,translation,equal,acquaintance,mid
7f5accab-920a-4d8a-bfb6-f0ecd5210b48,request,intermediate,reviewed,mission_v6,zh_ko,translation,equal,acquaintance,mid
7f9bae9c-13ab-40c4-9a43-63f2f58ffafe,complaint,intermediate,reviewed,mission_v5,ko_zh,translation,speaker_higher,distant,mid
7fa53508-a7c7-4f54-8b4c-7636d6bf9b43,compliment,advanced,generated,mission_v5,ko_zh,translation,speaker_higher,acquaintance,mid
809c7ccb-b416-4d91-bc7d-304daaea4df8,compliment,advanced,reviewed,mission_v5,ko_zh,interpreting,speaker_lower,distant,low
80c883fd-f282-4fce-84f8-8c4ee18444d8,proposal,intermediate,reviewed,mission_v6,ko_zh,translation,equal,close,low
80f647f7-d749-4da5-bb19-f906bdc340ae,request,intermediate,generated,mission_v5,ko_zh,translation,equal,distant,mid
81add5c5-7994-41c3-8914-02d70fb7514d,request,intermediate,generated,mission_v6,zh_ko,translation,equal,acquaintance,mid
8242c579-4f86-4564-a655-903a53236764,complaint,intermediate,generated,mission_v5,ko_zh,interpreting,speaker_higher,acquaintance,mid
82ad389f-843f-4410-ab2e-72d1c47ce54d,apology,intermediate,reviewed,mission_v5,zh_ko,translation,speaker_higher,acquaintance,mid
832aab94-9efd-400c-b307-f18a01a50614,request,intermediate,generated,mission_v5,ko_zh,translation,equal,acquaintance,mid
838c15e7-0fc0-4b8a-9223-6914353a0adf,compliment,intermediate,generated,mission_v6,zh_ko,interpreting,speaker_higher,close,mid
83c858ca-37c7-47d5-bd55-d3fe7418f734,request,intermediate,generated,mission_v5,ko_zh,translation,speaker_higher,acquaintance,low
83d699dc-1666-4f02-85d8-4ab9ff3f7dc1,proposal,intermediate,reviewed,mission_v5,ko_zh,translation,equal,distant,high
83fd3cdf-d3b3-4ab0-b808-9117cb0ae2b8,refusal,intermediate,reviewed,mission_v5,ko_zh,interpreting,speaker_higher,close,low
8416137c-57c4-4634-9500-be9ff6bfc41d,compliment,intermediate,generated,mission_v5,ko_zh,translation,speaker_higher,close,low
8474e5c4-0f77-4998-b2ed-948dcc045591,apology,intermediate,generated,mission_v6,ko_zh,translation,equal,acquaintance,mid
85b9a43f-0c13-4327-bf5f-3748d429fb6e,complaint,advanced,reviewed,mission_v6,ko_zh,translation,equal,close,high
861c05c0-70c5-4804-8b5c-f2dd66fcaa66,thanks,intermediate,reviewed,mission_v6,zh_ko,translation,equal,acquaintance,mid
865daa46-d5f3-44a9-8078-c36fd9917081,agreement,intermediate,generated,mission_v5,ko_zh,translation,equal,acquaintance,mid
86c94067-8660-46e3-8117-dade22c12a38,apology,advanced,reviewed,mission_v6,ko_zh,interpreting,speaker_lower,distant,low
86d738b0-1891-4bfe-9b12-f8643ebbb45f,apology,intermediate,reviewed,mission_v5,ko_zh,translation,speaker_lower,acquaintance,high
8755d9fb-f8c0-4392-a17f-6944981624d3,opposition,intermediate,generated,mission_v5,ko_zh,interpreting,equal,acquaintance,mid
876498e2-a7b4-46fd-a5bd-09167737e714,refusal,intermediate,generated,mission_v5,ko_zh,translation,speaker_lower,acquaintance,mid
87e33ff0-d325-4fc9-89bf-378de91e5d18,opposition,intermediate,generated,mission_v5,ko_zh,interpreting,speaker_lower,acquaintance,mid
87ea2b29-1615-4791-ae9f-ffae28919234,compliment,intermediate,generated,mission_v6,ko_zh,translation,speaker_higher,acquaintance,mid
882d138c-266b-49fa-adb3-267b5b702fb3,proposal,intermediate,generated,mission_v5,zh_ko,translation,equal,acquaintance,mid
889715f2-89e1-4d9e-95dd-9da83c4f5d70,compliment,intermediate,generated,mission_v5,ko_zh,translation,equal,acquaintance,low
88e85a2c-8162-4d4a-b98a-440e5f522fb1,proposal,intermediate,generated,mission_v5,ko_zh,interpreting,equal,acquaintance,mid
8940af4a-c51f-441c-b37b-e53ee6099a3e,compliment,intermediate,reviewed,mission_v6,zh_ko,translation,speaker_higher,acquaintance,mid
8a60a5a0-3683-4a56-afbb-d54f33770463,refusal,intermediate,generated,mission_v6,ko_zh,translation,speaker_lower,acquaintance,mid
8b2c2dbe-eadb-465b-a7f7-d93e41c67433,complaint,intermediate,generated,mission_v5,ko_zh,interpreting,speaker_higher,acquaintance,mid
8bba7407-358d-4aaa-abbc-0d853e252644,refusal,intermediate,generated,mission_v6,ko_zh,interpreting,speaker_higher,close,low
8be464ce-263c-4068-ab77-caf19ccdadbb,opposition,advanced,reviewed,mission_v5,ko_zh,translation,speaker_higher,distant,low
8d4ed293-d61b-4ba1-9531-4a16a5c387d4,proposal,intermediate,reviewed,mission_v6,zh_ko,interpreting,equal,acquaintance,low
8d8f3434-8790-4f67-bc91-396f741ccf40,refusal,beginner_intermediate,generated,mission_v5,ko_zh,translation,equal,acquaintance,mid
8dce6448-1b27-4ea2-a181-e9cea63ec17d,request,advanced,generated,mission_v5,ko_zh,translation,equal,acquaintance,mid
8e96cd5b-c181-4efd-8c57-6912391e5feb,thanks,intermediate,generated,mission_v5,ko_zh,translation,speaker_lower,acquaintance,mid
8ee0f333-4e17-40d8-b1ff-4440af101434,complaint,intermediate,generated,mission_v5,zh_ko,interpreting,speaker_lower,acquaintance,high
8fd953e9-4d6b-435f-8070-4dfaf8722021,thanks,advanced,generated,mission_v6,ko_zh,interpreting,equal,acquaintance,mid
9042be6a-81c0-4ca0-9191-52b6f305a67c,opposition,advanced,generated,mission_v5,ko_zh,translation,speaker_lower,acquaintance,mid
90e605ce-1097-4f32-9e73-45739149b0f6,request,intermediate,generated,mission_v5,ko_zh,translation,speaker_lower,acquaintance,mid
91481e30-30d6-4538-b972-557ab5c4ecc1,apology,intermediate,generated,mission_v5,ko_zh,interpreting,speaker_lower,close,high
91ca9358-5c1a-4b93-adfe-152bb0d1e310,request,intermediate,generated,mission_v5,ko_zh,translation,speaker_higher,acquaintance,high
91ee80e2-c5d7-4aed-9b95-cc846b7916b3,request,intermediate,generated,mission_v5,ko_zh,interpreting,equal,acquaintance,high
92be4b13-f0b3-4d86-af46-4aa124b2ec89,complaint,advanced,generated,mission_v5,ko_zh,interpreting,speaker_higher,acquaintance,mid
92c18740-ebf0-415b-8c93-050eacadb528,thanks,intermediate,generated,mission_v6,ko_zh,interpreting,speaker_higher,close,low
94ee43ed-82b7-41dc-8ef5-1f443b56f569,compliment,intermediate,generated,mission_v6,ko_zh,translation,speaker_higher,acquaintance,mid
95209155-0067-44f3-a01d-81378939584f,request,intermediate,reviewed,mission_v6,ko_zh,translation,equal,acquaintance,mid
968934b2-8342-4ab8-aa09-2d9ba6018d95,thanks,intermediate,reviewed,mission_v6,ko_zh,interpreting,speaker_higher,close,low
970fac03-0447-47aa-b700-a91813b2bcdc,request,intermediate,generated,mission_v5,ko_zh,translation,equal,acquaintance,mid
97c4834a-ee4a-4691-a042-0255c8fadc4b,complaint,intermediate,generated,mission_v5,ko_zh,translation,equal,acquaintance,mid
97f2350e-44c0-456e-9de9-0510dac9f9da,apology,intermediate,generated,mission_v5,ko_zh,interpreting,speaker_higher,acquaintance,mid
983da1ac-ac7a-4683-a689-5f5b6e3b10a5,compliment,intermediate,generated,mission_v6,ko_zh,translation,speaker_higher,acquaintance,mid
995e21aa-688c-4666-b933-d60979d49bc6,thanks,beginner_intermediate,generated,mission_v5,ko_zh,translation,speaker_lower,acquaintance,low
9b507646-fa15-41ae-8753-425b33b689a2,request,intermediate,generated,mission_v5,ko_zh,translation,equal,acquaintance,mid
9b8e5625-d51c-4fb6-8c00-e26d5435ad0b,request,intermediate,generated,mission_v5,zh_ko,translation,equal,acquaintance,mid
9be3b263-c5db-4075-87b4-a79d597fb0e0,apology,intermediate,reviewed,mission_v6,zh_ko,translation,speaker_higher,acquaintance,mid
9d40fe3b-7170-4f94-89bb-01f6b40183a4,thanks,intermediate,generated,mission_v5,zh_ko,translation,speaker_lower,acquaintance,mid
9d52eb87-4895-49f3-872f-cb1ec2c68862,compliment,advanced,generated,mission_v5,ko_zh,translation,speaker_higher,acquaintance,mid
9de70dca-f577-4be5-b282-bb14848a433d,complaint,advanced,reviewed,mission_v6,ko_zh,translation,equal,close,high
9ec2ef79-6979-4b44-927a-d7d51e02bdae,refusal,intermediate,generated,mission_v5,ko_zh,translation,speaker_lower,acquaintance,mid
9ec3560e-aac4-4973-9f0d-13a3d1342978,request,advanced,reviewed,mission_v6,ko_zh,interpreting,equal,acquaintance,high
9ec52c06-8364-4fa7-8332-3029eeed8682,request,intermediate,generated,mission_v6,zh_ko,translation,equal,acquaintance,mid
9f1109e2-1ac1-42c0-94c2-d5d93cbd40a9,apology,intermediate,generated,mission_v5,zh_ko,translation,speaker_higher,acquaintance,mid
9f1cefc7-1ba9-425a-a7b8-f12ae399e537,compliment,intermediate,generated,mission_v6,zh_ko,interpreting,speaker_higher,close,mid
9fd8ceff-4b50-4e3a-a443-31d97d12dcc6,proposal,intermediate,generated,mission_v5,ko_zh,translation,equal,acquaintance,low
a01eb338-3594-4483-8da8-a8e89d240ca5,request,advanced,generated,mission_v6,ko_zh,interpreting,equal,acquaintance,mid
a07f1559-0b20-4342-9772-95d029ea2782,request,intermediate,generated,mission_v5,zh_ko,translation,equal,acquaintance,mid
a1890356-0778-48f8-9dc9-5f246604abdd,complaint,intermediate,generated,mission_v5,zh_ko,translation,speaker_higher,acquaintance,mid
a1924b42-0e4b-456d-a588-0b8262cc30e7,request,intermediate,generated,mission_v6,ko_zh,translation,equal,acquaintance,mid
a1ccc07b-ab07-4845-a50d-63772bfc32ad,compliment,intermediate,generated,mission_v5,ko_zh,translation,equal,acquaintance,low
a29008a7-b1fe-42ff-8bb6-7cfb36b9cc67,agreement,intermediate,generated,mission_v5,ko_zh,translation,equal,acquaintance,mid
a2aad67d-0f6d-45ac-9e33-6122b24211e9,complaint,intermediate,generated,mission_v5,zh_ko,translation,speaker_higher,acquaintance,mid
a31f9216-bedd-40bd-8229-123ced50e4de,refusal,intermediate,reviewed,mission_v5,ko_zh,translation,equal,distant,high
a3254199-230e-4eb6-85f5-55ef36851083,agreement,intermediate,generated,mission_v5,ko_zh,translation,speaker_higher,close,low
a3f47d71-17c2-4963-ae47-b3b2a9533a7b,proposal,intermediate,generated,mission_v5,zh_ko,translation,equal,acquaintance,mid
a4089e74-a691-4e07-b4d0-953efccdd620,proposal,intermediate,reviewed,mission_v6,zh_ko,interpreting,equal,acquaintance,low
a44d3c46-4ec2-428e-a056-3ff65bea0d57,request,intermediate,reviewed,mission_v6,zh_ko,interpreting,equal,acquaintance,high
a45618de-13c9-4722-ac1e-86b7df05d3e4,proposal,intermediate,generated,mission_v5,ko_zh,translation,equal,acquaintance,low
a4a5f793-e0b3-4547-b137-498422a76533,thanks,intermediate,reviewed,mission_v5,zh_ko,translation,equal,acquaintance,mid
a4fbfc58-dad3-420f-ae4c-571e89e7337d,proposal,advanced,generated,mission_v5,ko_zh,translation,equal,acquaintance,mid
a57caaec-843a-4568-a09d-b89df159ac2a,refusal,intermediate,generated,mission_v5,zh_ko,translation,speaker_lower,acquaintance,mid
a5cbebbb-a7a5-45e4-84db-877fb513d643,apology,intermediate,generated,mission_v6,ko_zh,interpreting,speaker_higher,acquaintance,mid
a7324771-df41-45ac-b9d8-fdedfe3889db,apology,advanced,generated,mission_v5,ko_zh,interpreting,speaker_higher,acquaintance,mid
a757fef1-98c8-4580-8133-6dd252e53915,agreement,advanced,generated,mission_v5,ko_zh,translation,equal,acquaintance,mid
a91f8772-1555-4aae-b9e7-2e172100b830,apology,intermediate,generated,mission_v5,ko_zh,translation,speaker_lower,close,low
a96f147d-2754-4e73-85f1-52a546beab12,compliment,intermediate,reviewed,mission_v6,ko_zh,translation,speaker_higher,acquaintance,mid
aa4d2100-f9dc-4aa8-90d4-65cc595a41db,compliment,advanced,generated,mission_v6,ko_zh,translation,speaker_higher,acquaintance,mid
aa7ce8e7-b4ca-4a35-948a-3af83962dd7e,request,intermediate,generated,mission_v5,ko_zh,translation,equal,acquaintance,mid
aaa19b19-e59c-40c3-990d-cd0d382bed34,thanks,intermediate,generated,mission_v5,zh_ko,interpreting,speaker_lower,distant,low
aaaa6149-e1af-46a0-a4a3-437cf3f17833,compliment,intermediate,reviewed,mission_v5,ko_zh,interpreting,equal,acquaintance,high
aae55495-ef8e-474a-800f-5587f6f6deea,request,intermediate,generated,mission_v5,ko_zh,translation,equal,acquaintance,mid
aafb854d-f33b-44b0-9f43-9d786bfb708c,complaint,intermediate,reviewed,mission_v6,zh_ko,interpreting,speaker_higher,acquaintance,mid
ac08e453-cd6d-4fc3-abd7-fc6689c287aa,complaint,intermediate,reviewed,mission_v5,ko_zh,translation,speaker_lower,acquaintance,high
ad8af87d-6510-4f47-a8de-f83b120c22b1,compliment,advanced,generated,mission_v6,ko_zh,translation,speaker_higher,acquaintance,mid
ad9fa216-5071-4b18-a5fe-6dd13cf1b048,opposition,intermediate,generated,mission_v5,ko_zh,translation,equal,acquaintance,mid
af0161dd-de0d-4fca-8c29-a7b5623d180a,request,intermediate,generated,mission_v6,ko_zh,translation,equal,acquaintance,mid
af598034-9284-403b-862b-ea005b8967a3,compliment,intermediate,generated,mission_v5,ko_zh,translation,equal,distant,high
b04d4d34-b47f-4cc6-9438-4417e3cbdbda,compliment,advanced,reviewed,mission_v5,ko_zh,translation,speaker_higher,acquaintance,mid
b09c9ea9-3da7-47f4-84ab-20fa4942a4b9,apology,advanced,generated,mission_v5,ko_zh,translation,speaker_higher,acquaintance,mid
b0e00a70-8827-45d0-84e8-8aebbc994287,opposition,intermediate,generated,mission_v5,zh_ko,translation,speaker_lower,acquaintance,mid
b1030a19-f8ec-4022-b670-8ec359eaf4bf,proposal,intermediate,generated,mission_v6,zh_ko,translation,equal,acquaintance,mid
b12b0549-60c8-4400-bc45-06e21b907b9f,apology,intermediate,generated,mission_v6,zh_ko,interpreting,speaker_higher,acquaintance,mid
b178cd43-6ea4-4459-b458-df089630505b,proposal,beginner_intermediate,generated,mission_v5,ko_zh,interpreting,speaker_higher,distant,high
b1c34839-19b1-4221-8e2d-ff1701034d46,complaint,intermediate,generated,mission_v5,ko_zh,interpreting,speaker_higher,acquaintance,mid
b1c4ead2-63e8-4cf9-a6e4-605b0c54de4f,request,advanced,generated,mission_v6,ko_zh,translation,equal,acquaintance,mid
b1d9d0a1-a54a-44ce-b39b-c9b9cd0a3c62,thanks,advanced,generated,mission_v5,ko_zh,translation,speaker_lower,acquaintance,mid
b1daf799-7ddf-4273-b29e-7df6d35868eb,proposal,intermediate,generated,mission_v5,ko_zh,translation,equal,acquaintance,low
b22e07e1-5632-42ac-b306-0ac1bd9c3d1e,agreement,advanced,generated,mission_v5,zh_ko,interpreting,speaker_lower,distant,low
b2305d3a-e624-4326-a1eb-490decf5563a,thanks,advanced,generated,mission_v5,ko_zh,translation,speaker_higher,distant,low
b240af5b-fda2-4978-a8ce-7a64fa8395a1,thanks,advanced,reviewed,mission_v5,ko_zh,interpreting,equal,acquaintance,mid
b44edd3e-9978-43c7-83ef-70032553228c,refusal,advanced,generated,mission_v5,ko_zh,translation,speaker_lower,acquaintance,mid
b456067c-e659-46a3-a858-5034895117c6,proposal,intermediate,generated,mission_v5,ko_zh,translation,equal,acquaintance,low
b5934ff3-f369-4284-9849-04e4d14e2cff,request,intermediate,generated,mission_v6,ko_zh,translation,speaker_lower,distant,low
b6254816-ed38-40ea-a2a3-6d6670daf4f8,proposal,advanced,generated,mission_v5,ko_zh,translation,equal,acquaintance,mid
b762e1fe-8f49-4513-98e8-9dcff7bdbf9d,request,intermediate,generated,mission_v5,ko_zh,translation,equal,acquaintance,mid
b7c3e54d-0c02-435a-8ab0-02a3ad884185,request,intermediate,reviewed,mission_v6,zh_ko,translation,equal,acquaintance,mid
b7cb5073-5e3e-4f6c-a332-a2efe448d1b7,proposal,intermediate,reviewed,mission_v5,zh_ko,translation,equal,acquaintance,mid
b85547c1-95b9-48e8-af04-2e7461ca3dee,request,intermediate,reviewed,mission_v5,zh_ko,interpreting,equal,acquaintance,high
b89d0612-1ae3-4a40-8444-7c3030fdbec0,proposal,intermediate,reviewed,mission_v5,ko_zh,interpreting,equal,acquaintance,mid
b8b499db-9015-4aa3-a65b-135402828ead,request,intermediate,reviewed,mission_v5,ko_zh,interpreting,equal,acquaintance,mid
b9499a59-adf9-47f1-a7db-02de1c0e6418,agreement,intermediate,reviewed,mission_v6,ko_zh,translation,equal,acquaintance,mid
b96f626d-d708-437d-8e52-0bcc5ee72a83,compliment,intermediate,reviewed,mission_v6,zh_ko,translation,speaker_higher,acquaintance,mid
b994ea38-b5e5-4500-aaf8-7eee67dd298b,thanks,intermediate,generated,mission_v5,zh_ko,translation,speaker_lower,acquaintance,mid
b9a5249f-fc09-4121-b4de-512f2f4a9079,agreement,intermediate,generated,mission_v5,ko_zh,translation,equal,acquaintance,low
ba021a41-9847-4011-a1f1-0cae1a3e66f5,compliment,intermediate,generated,mission_v6,ko_zh,translation,speaker_higher,acquaintance,mid
ba2acf7b-ec33-4d86-9652-dacc0963a4ba,thanks,intermediate,generated,mission_v5,zh_ko,translation,speaker_lower,acquaintance,mid
bab43b3d-f5bb-47d9-a67a-38a650e84238,request,intermediate,generated,mission_v5,ko_zh,interpreting,equal,acquaintance,high
bad483fd-ffdb-4e66-9b54-e0e2204e9b22,request,intermediate,generated,mission_v5,zh_ko,translation,equal,acquaintance,mid
bb200207-54cb-4385-b064-94f5da0a31d7,compliment,intermediate,generated,mission_v5,zh_ko,translation,speaker_higher,acquaintance,mid
bb847073-f59b-42e3-b82f-f45e8c228fda,proposal,intermediate,generated,mission_v5,ko_zh,translation,equal,close,high
bbb8feb6-e507-4cdd-8b6b-0f1b1929b523,request,intermediate,reviewed,mission_v6,ko_zh,translation,equal,acquaintance,mid
bbd774b3-c0fa-47ca-b9ac-69dcbe5a39b9,complaint,advanced,generated,mission_v5,ko_zh,translation,speaker_higher,acquaintance,mid
bc592f04-b5bb-40c6-94f5-c73ab9e9b86f,opposition,intermediate,generated,mission_v5,zh_ko,translation,speaker_lower,acquaintance,mid
bcc1cdc1-2ceb-4243-b0b5-316076ad5a3f,proposal,intermediate,generated,mission_v5,ko_zh,translation,equal,acquaintance,low
be159f0a-c014-4e13-a508-ede4eddc2a9c,agreement,intermediate,generated,mission_v5,zh_ko,translation,equal,acquaintance,mid
be8a44fb-862b-4704-9022-d7fd5a7b2323,refusal,intermediate,generated,mission_v5,zh_ko,translation,speaker_lower,acquaintance,mid
bebf826c-23b2-4a63-b8b5-e581559931d2,compliment,intermediate,generated,mission_v6,ko_zh,translation,speaker_higher,acquaintance,low
bf3a277d-7667-466b-bc31-c2242ec722a2,request,intermediate,generated,mission_v6,zh_ko,translation,equal,acquaintance,mid
c02c43e7-88f7-4c6d-b0f9-f41d75ebba58,compliment,intermediate,generated,mission_v6,zh_ko,translation,speaker_higher,acquaintance,mid
c146e831-556d-4a60-93b1-c605d42a5b19,opposition,intermediate,generated,mission_v5,ko_zh,interpreting,equal,acquaintance,mid
c1a365dd-37ae-473a-9ed4-2be462d9ebef,request,intermediate,generated,mission_v5,ko_zh,interpreting,equal,distant,low
c3c5cfbe-a894-4a16-bbc3-9d10ee8c0cc0,refusal,intermediate,generated,mission_v5,ko_zh,translation,speaker_lower,acquaintance,mid
c3fac1d9-e18b-4151-b1de-26c88100d162,thanks,intermediate,reviewed,mission_v6,zh_ko,interpreting,equal,distant,high
c48a9cb7-fdab-4146-8223-2a8174bee480,apology,intermediate,generated,mission_v6,zh_ko,interpreting,speaker_higher,close,mid
c5b7ec52-a13c-444f-869e-effdf2689670,thanks,intermediate,generated,mission_v5,zh_ko,interpreting,equal,distant,high
c615bbb8-32ab-46eb-9d25-0de7758bdaea,agreement,intermediate,generated,mission_v6,zh_ko,interpreting,equal,acquaintance,low
c642293e-569d-486a-ada6-4f26ccb85e4f,opposition,intermediate,reviewed,mission_v6,ko_zh,translation,speaker_lower,acquaintance,high
c6439f62-7a29-4d6a-b7f5-e006f8c80c63,refusal,advanced,generated,mission_v5,ko_zh,translation,speaker_lower,acquaintance,mid
c6f22c8b-765e-4628-8ee9-2c2f22adaf92,request,advanced,reviewed,mission_v6,ko_zh,translation,equal,acquaintance,mid
c7463dd7-10f2-4de2-ad5f-2cb214ff136f,complaint,advanced,generated,mission_v5,ko_zh,interpreting,speaker_higher,acquaintance,mid
c771fd52-287a-49b3-8203-2341913deb01,refusal,advanced,reviewed,mission_v5,ko_zh,translation,speaker_lower,acquaintance,mid
c7b83b60-f8b7-470b-aa09-00caeb7aeaca,thanks,advanced,generated,mission_v5,ko_zh,translation,speaker_lower,acquaintance,mid
c8344df8-b292-43a0-8536-2e59a6260e51,request,intermediate,reviewed,mission_v5,zh_ko,interpreting,equal,acquaintance,mid
c8fa36cf-b6c5-4091-b910-9b35911eea92,request,advanced,reviewed,mission_v5,ko_zh,translation,equal,acquaintance,mid
c974b163-21c6-4d13-aa00-9934862d678f,request,intermediate,generated,mission_v5,ko_zh,translation,speaker_lower,close,low
c9c0ea5a-ddec-4624-9a6f-ae60e4b522d9,thanks,beginner_intermediate,generated,mission_v5,ko_zh,translation,equal,distant,low
c9c60726-39bf-4d31-9145-248dcb5c6ad4,proposal,intermediate,generated,mission_v5,ko_zh,translation,equal,acquaintance,low
ca18fd80-f9d5-44fe-addd-c68bc7d686a3,apology,advanced,generated,mission_v5,ko_zh,translation,equal,distant,low
ca69e369-d6e6-475e-9ef8-1a7301e861cd,agreement,advanced,generated,mission_v5,ko_zh,translation,equal,acquaintance,mid
cacbfa84-36d3-471d-95e1-e068b6c0d283,request,intermediate,reviewed,mission_v6,ko_zh,interpreting,equal,acquaintance,high
cc114d87-bde3-4b61-b154-46efb12d7e45,request,advanced,generated,mission_v5,ko_zh,interpreting,equal,acquaintance,high
cc94e44e-3007-49c8-9698-286eaee77a23,apology,intermediate,generated,mission_v5,ko_zh,translation,speaker_higher,close,mid
cdab2823-eb7b-481e-be1e-2da132871346,request,advanced,generated,mission_v6,ko_zh,translation,equal,acquaintance,mid
cdf3fa54-808e-4ca9-86b6-13a9cf82ba11,compliment,advanced,generated,mission_v6,ko_zh,translation,speaker_higher,acquaintance,mid
cdff1b28-322d-4657-ae30-89ef2187bfed,refusal,intermediate,reviewed,mission_v6,zh_ko,interpreting,equal,acquaintance,high
d15d8d72-f483-4e95-b62b-5ab201c0125c,thanks,advanced,generated,mission_v5,ko_zh,translation,speaker_lower,acquaintance,mid
d15df631-cddd-4abc-95bb-e17061d6fcad,request,intermediate,generated,mission_v6,ko_zh,translation,equal,acquaintance,mid
d15f2c35-826d-4f73-8234-7ddc5b490063,compliment,advanced,generated,mission_v6,ko_zh,interpreting,speaker_lower,distant,low
d1971b67-3e52-45d3-9366-a991482054c1,apology,advanced,reviewed,mission_v5,ko_zh,translation,equal,close,high
d1a90772-808e-4cad-9365-6f003ab0d12c,thanks,intermediate,generated,mission_v5,ko_zh,translation,equal,acquaintance,mid
d29fb22b-f49d-4d31-bd74-70741f900e37,apology,intermediate,generated,mission_v5,ko_zh,translation,equal,distant,high
d2ef325e-da4d-477a-a123-1e228c532e43,request,intermediate,generated,mission_v5,ko_zh,translation,equal,close,high
d33f6192-044a-478a-9543-b5bf547c52ce,thanks,advanced,reviewed,mission_v6,ko_zh,interpreting,equal,acquaintance,mid
d36cca83-39f5-4dca-8ff7-3217463b919a,request,intermediate,generated,mission_v5,ko_zh,translation,speaker_lower,acquaintance,high
d37985e5-4775-42d6-9d4c-05bfaa4e94e2,compliment,intermediate,generated,mission_v6,ko_zh,interpreting,equal,acquaintance,high
d37bb627-9624-4910-a8ea-b9deb2bfb61f,compliment,advanced,generated,mission_v6,ko_zh,interpreting,speaker_lower,distant,low
d41d34ac-9d8e-4b67-b019-1ab7fc249e8a,request,advanced,generated,mission_v5,ko_zh,translation,equal,acquaintance,mid
d441eac6-e909-416f-a9cb-9294d8c1be26,refusal,intermediate,generated,mission_v5,zh_ko,translation,speaker_lower,acquaintance,mid
d502e0fc-4868-490b-a166-7331f4f37b5f,opposition,intermediate,reviewed,mission_v5,ko_zh,translation,speaker_lower,acquaintance,high
d551687f-bc12-4c51-a00e-420009794fca,opposition,intermediate,generated,mission_v5,zh_ko,translation,speaker_lower,acquaintance,mid
d55bf22b-7801-4bbe-afc0-5fbe0299d508,opposition,intermediate,reviewed,mission_v5,zh_ko,interpreting,speaker_lower,acquaintance,high
d56896f5-0d0e-4ec4-8e04-c2270baad51a,agreement,intermediate,generated,mission_v5,ko_zh,interpreting,speaker_lower,acquaintance,high
d629d4d3-d093-46b6-aeca-d583f44341e8,agreement,advanced,generated,mission_v6,ko_zh,translation,equal,acquaintance,mid
d6410474-7963-4499-8fe8-e6f2299d686c,agreement,advanced,generated,mission_v5,zh_ko,interpreting,speaker_lower,close,low
d733c225-72d3-4195-b14e-f496b3fac947,agreement,intermediate,generated,mission_v5,ko_zh,translation,equal,acquaintance,mid
d77c423a-fed5-45b5-95f9-05114e49e794,complaint,intermediate,reviewed,mission_v6,ko_zh,interpreting,speaker_higher,acquaintance,mid
d7815d4d-6eb3-4025-91e0-ea768a727241,compliment,intermediate,generated,mission_v5,ko_zh,translation,speaker_higher,acquaintance,mid
d79406d7-1ae9-4e35-938a-1faf71d63170,agreement,intermediate,reviewed,mission_v5,ko_zh,translation,equal,acquaintance,mid
d7b0afd4-faec-4cdd-8e4c-83f85bc83e6e,proposal,intermediate,reviewed,mission_v6,zh_ko,translation,equal,acquaintance,mid
d7b8b430-3e37-4af6-8c12-c0eca640208d,thanks,advanced,reviewed,mission_v6,ko_zh,translation,speaker_lower,acquaintance,mid
d81d13af-4569-4042-8be6-b97d006255d7,refusal,intermediate,reviewed,mission_v6,ko_zh,translation,speaker_lower,acquaintance,mid
d8cda722-c26a-4a23-81c2-f98a19b68c72,apology,advanced,generated,mission_v6,ko_zh,interpreting,speaker_lower,distant,low
d9920ab2-d13c-40bb-8bd0-0d7e6819849f,apology,advanced,generated,mission_v5,ko_zh,translation,speaker_higher,acquaintance,mid
d9f1deb3-337d-4e6e-93f4-ac86b7939760,opposition,advanced,generated,mission_v5,zh_ko,translation,equal,acquaintance,mid
da472a3a-711b-4cf0-94e0-9ec861395fa6,request,intermediate,reviewed,mission_v2,zh_ko,translation,equal,acquaintance,mid
db44ed59-2ff3-4dc8-a23b-d391640f5495,refusal,advanced,generated,mission_v6,ko_zh,interpreting,equal,acquaintance,mid
dbf80953-aabb-42e1-b848-f531ae95bc57,thanks,intermediate,generated,mission_v5,ko_zh,translation,speaker_lower,acquaintance,mid
dc095f82-7b69-4e2a-916c-f54aaa30e035,proposal,beginner_intermediate,generated,mission_v5,ko_zh,interpreting,speaker_higher,distant,high
dea0b68c-837a-4be9-a7c0-f00777e7ff64,compliment,intermediate,generated,mission_v6,ko_zh,translation,speaker_higher,acquaintance,mid
def83b4f-b281-4285-af06-7e9339269706,refusal,intermediate,generated,mission_v5,ko_zh,translation,equal,acquaintance,mid
df38a2df-06dd-4894-bf76-02fecd40d189,compliment,intermediate,generated,mission_v5,ko_zh,translation,speaker_higher,acquaintance,mid
df3ea21f-e2d5-4fd8-9574-0c9e48568cea,compliment,advanced,generated,mission_v6,ko_zh,interpreting,speaker_lower,distant,low
df4c0a34-1c99-4cb2-9f83-807893c6a249,thanks,advanced,reviewed,mission_v6,ko_zh,interpreting,equal,acquaintance,mid
df91651b-935b-435a-b491-dfbf871e5994,refusal,intermediate,reviewed,mission_v6,ko_zh,translation,speaker_lower,acquaintance,mid
e044420a-8302-4175-ad99-d8c88cff8709,compliment,intermediate,generated,mission_v5,zh_ko,translation,speaker_higher,acquaintance,mid
e0c3bb6c-0804-4819-b8c4-60766a4da3b0,request,intermediate,generated,mission_v5,zh_ko,translation,equal,acquaintance,high
e12b61c2-40b1-4a0e-a0ad-70ace5045824,request,intermediate,generated,mission_v6,ko_zh,translation,equal,acquaintance,mid
e141cce8-13b5-4dc6-8867-1a73666f62b9,compliment,intermediate,generated,mission_v6,zh_ko,translation,speaker_higher,acquaintance,mid
e18e440c-b0a3-4479-a6a5-8538e3e2bacc,request,advanced,generated,mission_v6,ko_zh,translation,equal,acquaintance,mid
e28eb301-1b9b-4366-8eb6-00a9db90990e,opposition,intermediate,generated,mission_v6,zh_ko,interpreting,speaker_lower,acquaintance,high
e2a6d8a4-5645-47de-af67-6faa35a7b28c,request,intermediate,generated,mission_v6,ko_zh,translation,equal,acquaintance,mid
e32cb5b3-8fd9-4a39-917e-2893b3fe8bcd,compliment,intermediate,generated,mission_v5,ko_zh,translation,speaker_higher,acquaintance,mid
e379553f-6898-40f0-906b-aa8876e9441a,refusal,intermediate,generated,mission_v6,zh_ko,interpreting,equal,acquaintance,high
e4144fbd-8ca9-4933-b95c-af9fb846b42e,request,advanced,generated,mission_v6,ko_zh,translation,equal,acquaintance,mid
e4f36052-88a8-45cd-a33b-1a96f9d2ed5c,complaint,beginner_intermediate,generated,mission_v5,zh_ko,interpreting,equal,acquaintance,low
e4fcb23e-4859-4a4e-b1d2-6570c1f92418,compliment,advanced,generated,mission_v5,ko_zh,translation,speaker_higher,acquaintance,mid
e5be499f-7dea-465d-9884-e9a3487d275d,agreement,advanced,reviewed,mission_v5,ko_zh,interpreting,speaker_higher,close,high
e5d5e841-df2e-4f45-b938-68524f9562b1,request,intermediate,reviewed,mission_v5,ko_zh,translation,speaker_lower,distant,low
e6013e8d-e7f9-4c41-8bdc-117b6e250ee6,refusal,intermediate,generated,mission_v5,zh_ko,translation,speaker_lower,acquaintance,mid
e76e918a-eec5-4f85-8bcd-e40f3c6c1b2e,agreement,intermediate,generated,mission_v5,ko_zh,translation,equal,acquaintance,low
e797b4ec-5897-4981-9fd8-22e8ced0a2ec,agreement,intermediate,generated,mission_v5,ko_zh,translation,equal,acquaintance,mid
e8ea0cf5-ec70-4b72-b454-4d1df04b476d,request,intermediate,generated,mission_v5,zh_ko,translation,equal,acquaintance,high
ea0976f1-14dc-46e5-ab10-bb39de00aa65,refusal,intermediate,reviewed,mission_v5,zh_ko,translation,speaker_lower,acquaintance,mid
ea15db7f-9d82-4811-9994-2328e16f1a58,request,intermediate,generated,mission_v5,ko_zh,interpreting,equal,acquaintance,high
ea6bf883-0c22-426a-b510-6e87b4ee8336,complaint,intermediate,generated,mission_v5,zh_ko,translation,speaker_higher,acquaintance,mid
ea6ee6a0-37b9-47b3-b168-76925389a380,refusal,intermediate,generated,mission_v5,zh_ko,translation,speaker_lower,acquaintance,mid
eaf4614d-c56a-4346-99b3-f9e717887975,refusal,intermediate,generated,mission_v5,zh_ko,translation,speaker_lower,acquaintance,mid
eba33dab-9c18-412c-ae7b-41fa5520ec4a,request,intermediate,generated,mission_v6,zh_ko,translation,equal,acquaintance,mid
ebc4e927-7e0d-495d-a06f-2d05e64bc29e,thanks,intermediate,generated,mission_v5,ko_zh,interpreting,equal,close,mid
ec1244d4-fa86-4994-9c68-a1edaebd0d2a,proposal,advanced,reviewed,mission_v6,ko_zh,translation,speaker_lower,acquaintance,mid
ec17a54c-3652-409f-a9d4-d6e3c7c4f7fb,proposal,intermediate,generated,mission_v5,zh_ko,translation,equal,acquaintance,mid
ec2d886f-8eec-4b01-a8de-449f927739f9,request,advanced,generated,mission_v6,ko_zh,translation,equal,acquaintance,mid
ed03b044-883c-4849-8808-2f7a5bfa339c,proposal,advanced,reviewed,mission_v5,ko_zh,interpreting,equal,acquaintance,mid
efa4acf9-d811-421b-9388-13edcaff796b,apology,intermediate,generated,mission_v5,ko_zh,interpreting,speaker_higher,acquaintance,mid
f1395414-01de-4821-8dac-f4e44a18e984,thanks,intermediate,reviewed,mission_v5,ko_zh,translation,equal,distant,high
f15cecd7-0b3c-4c89-a3ea-2f62203e5c82,request,intermediate,generated,mission_v5,zh_ko,translation,equal,acquaintance,mid
f182f79d-1962-4b7e-914b-707687457e93,opposition,advanced,reviewed,mission_v6,ko_zh,translation,speaker_higher,distant,low
f1b69b6f-19f9-4d6d-89c5-71873fbe7e3b,request,intermediate,reviewed,mission_v6,ko_zh,translation,equal,acquaintance,mid
f2f58da9-c5d6-4a49-a491-b5f4cdd00f47,thanks,intermediate,reviewed,mission_v6,ko_zh,translation,speaker_lower,acquaintance,mid
f35d2cc5-77dc-4895-a4ef-fe3c082c4dfd,request,advanced,reviewed,mission_v5,ko_zh,interpreting,equal,acquaintance,high
f4b0ac1d-b3e9-4fc1-9bf3-a049aaf92fa5,thanks,advanced,reviewed,mission_v5,ko_zh,translation,speaker_lower,acquaintance,mid
f5422d28-5296-41d0-bac2-5c3a9b1bc30f,thanks,intermediate,reviewed,mission_v5,ko_zh,translation,speaker_lower,close,low
f5c7d021-4bd0-494e-9ab4-612353e4f2e6,proposal,intermediate,generated,mission_v5,ko_zh,interpreting,equal,distant,low
f5f499b6-1b3b-4c60-aa76-b37915abf74f,request,intermediate,generated,mission_v6,zh_ko,translation,equal,acquaintance,mid
f62f9ce7-04bd-40e6-8f06-2fd2947d79a0,request,intermediate,reviewed,mission_v5,ko_zh,translation,equal,distant,high
f651bfdf-11bb-47e8-a23f-f23c0f4d87fc,request,intermediate,generated,mission_v5,ko_zh,interpreting,equal,acquaintance,high
f7678b5a-4184-4ebd-88da-73ae749f51f0,refusal,advanced,reviewed,mission_v6,ko_zh,translation,speaker_lower,acquaintance,mid
f77455a3-e71a-4daf-a79f-99f020c63088,complaint,intermediate,generated,mission_v5,zh_ko,translation,speaker_higher,acquaintance,mid
f7a03028-05f7-42e3-b33b-2c86d75522fd,request,intermediate,generated,mission_v5,ko_zh,translation,speaker_lower,distant,high
f80210ac-44b6-43c7-bc4c-45a55775437e,request,advanced,generated,mission_v5,ko_zh,interpreting,equal,acquaintance,high
f8ccfa7b-fda1-4ad0-a384-70fd070d9a99,apology,intermediate,reviewed,mission_v6,ko_zh,translation,equal,acquaintance,mid
f8de3f59-cd86-4636-b516-a8ead78ac0ac,request,intermediate,reviewed,mission_v5,ko_zh,translation,equal,acquaintance,mid
f8f26b2f-1be9-4653-92cb-43bc420f86ce,proposal,intermediate,reviewed,mission_v5,ko_zh,translation,equal,close,low
f925fcfe-e32b-4e75-ae87-bcc26173cbca,refusal,intermediate,generated,mission_v5,zh_ko,translation,speaker_higher,acquaintance,low
f9a7907d-8a51-4353-a9e3-6a115bf9d3cc,compliment,intermediate,generated,mission_v6,zh_ko,interpreting,speaker_higher,close,mid
fbb3e621-1a1e-4836-afb4-6351f23d157a,agreement,intermediate,reviewed,mission_v5,ko_zh,interpreting,speaker_lower,distant,mid
fc3913de-4f5c-490b-9418-e89bb37bc1d7,apology,intermediate,generated,mission_v5,ko_zh,translation,equal,acquaintance,mid
fc4de5b8-ad4a-4a50-aa20-2014ef92e02b,complaint,advanced,generated,mission_v5,ko_zh,interpreting,equal,acquaintance,mid
fc7c5805-c465-4b84-832f-3d9fb6bf477e,thanks,intermediate,generated,mission_v5,zh_ko,translation,speaker_lower,acquaintance,mid
fd0331d4-2d72-4de0-b0d2-f800ec1280a8,request,intermediate,generated,mission_v6,zh_ko,translation,equal,acquaintance,mid
fdedc7e0-de8c-4369-81cd-ef047515558c,complaint,advanced,reviewed,mission_v6,ko_zh,interpreting,speaker_lower,distant,high
ff18910f-a6f9-46d8-b7cc-c4809ff2e51a,request,intermediate,generated,mission_v6,zh_ko,translation,equal,acquaintance,mid
ff4fb74e-37f2-486f-ab96-291dbaf83de0,complaint,advanced,generated,mission_v5,ko_zh,translation,speaker_higher,acquaintance,mid
ff4fbcd0-44c3-4b2c-a927-2a161089571d,request,advanced,generated,mission_v6,ko_zh,translation,equal,acquaintance,mid
